{
  "experiment_date": "20251224",
  "model": "gpt-4o",
  "n_problems": 199,
  "direct_accuracy": 0.5628140703517588,
  "accuracy_by_lambda": {
    "0.0": 0.964824120603015,
    "0.2": 0.9547738693467337,
    "0.4": 0.864321608040201,
    "0.6": 0.7537688442211056,
    "0.8": 0.6180904522613065,
    "1.0": 0.4472361809045226
  },
  "lambda_crit": 0.8647058823529412,
  "a_crit": 0.1352941176470588,
  "comparison_with_claude": {
    "claude_lambda_crit": 0.449,
    "claude_a_crit": 0.5509999999999999,
    "delta_lambda_crit": 0.4157058823529412
  }
}